{"cameraMode":{"drawMode":0,"name":"Shaded","section":"Shading Mode"},"sceneLighting":true,"audioPlay":false,"sceneViewState":{"showFog":true,"showMaterialUpdate":false,"showSkybox":true,"showFlares":true,"showImageEffects":true,"showParticleSystems":true},"in2DMode":false,"pivot":{"x":-1.7925007343292237,"y":-8.258952140808106,"z":-25.589221954345704},"rotation":{"x":-0.11554401367902756,"y":0.012511693872511387,"z":-0.0014538501854985953,"w":-0.9932458996772766},"size":50.1591682434082,"orthographic":false}