{"cameraMode":{"drawMode":0,"name":"Shaded","section":"Shading Mode"},"sceneLighting":true,"audioPlay":false,"sceneViewState":{"showFog":true,"showMaterialUpdate":false,"showSkybox":true,"showFlares":true,"showImageEffects":true,"showParticleSystems":true},"in2DMode":false,"pivot":{"x":11.673368453979493,"y":13.831962585449219,"z":64.60912322998047},"rotation":{"x":-0.0006718236836604774,"y":-0.9972823262214661,"z":0.07374443858861923,"w":-0.008681794628500939},"size":6.990066051483154,"orthographic":false}