{"cameraMode":{"drawMode":0,"name":"Shaded","section":"Shading Mode"},"sceneLighting":true,"audioPlay":false,"sceneViewState":{"showFog":true,"showMaterialUpdate":false,"showSkybox":true,"showFlares":true,"showImageEffects":true,"showParticleSystems":true},"in2DMode":false,"pivot":{"x":-0.26153087615966799,"y":-0.2165670394897461,"z":0.4179043173789978},"rotation":{"x":-0.1599522829055786,"y":0.6972988247871399,"z":-0.16423147916793824,"w":-0.6791302561759949},"size":17.686071395874025,"orthographic":false}