{"cameraMode":{"drawMode":0,"name":"Shaded","section":"Shading Mode"},"sceneLighting":false,"audioPlay":false,"sceneViewState":{"showFog":true,"showMaterialUpdate":false,"showSkybox":false,"showFlares":true,"showImageEffects":true,"showParticleSystems":true},"in2DMode":false,"pivot":{"x":12.25,"y":-0.42198801040649416,"z":6.820000171661377},"rotation":{"x":-0.26981040835380556,"y":0.6436384916305542,"z":-0.2603330910205841,"w":-0.6672370433807373},"size":2.000519275665283,"orthographic":false}