{"cameraMode":{"drawMode":0,"name":"Shaded","section":"Shading Mode"},"sceneLighting":true,"audioPlay":false,"sceneViewState":{"showFog":true,"showMaterialUpdate":false,"showSkybox":true,"showFlares":true,"showImageEffects":true,"showParticleSystems":true},"in2DMode":false,"pivot":{"x":-1.5462960004806519,"y":4.633866786956787,"z":-65.2197494506836},"rotation":{"x":0.11342790722846985,"y":-0.24475891888141633,"z":0.02887887693941593,"w":0.9625462889671326},"size":13.524086952209473,"orthographic":false}