{"cameraMode":{"drawMode":0,"name":"Shaded","section":"Shading Mode"},"sceneLighting":false,"audioPlay":false,"sceneViewState":{"showFog":true,"showMaterialUpdate":false,"showSkybox":false,"showFlares":true,"showImageEffects":true,"showParticleSystems":true},"in2DMode":false,"pivot":{"x":0.07577602565288544,"y":1.312652587890625,"z":-5.201438903808594},"rotation":{"x":0.18081362545490266,"y":-0.008862924762070179,"z":0.0015381075209006668,"w":0.9835434556007385},"size":0.3892861008644104,"orthographic":false}