{"cameraMode":{"drawMode":0,"name":"Shaded","section":"Shading Mode"},"sceneLighting":true,"audioPlay":false,"sceneViewState":{"showFog":true,"showMaterialUpdate":false,"showSkybox":true,"showFlares":true,"showImageEffects":true,"showParticleSystems":true},"in2DMode":false,"pivot":{"x":2.917855978012085,"y":8.32498550415039,"z":-26.779674530029298},"rotation":{"x":0.07482175529003144,"y":0.10119375586509705,"z":-0.007966107688844204,"w":0.9921127557754517},"size":5.368234634399414,"orthographic":false}