{"cameraMode":{"drawMode":0,"name":"Shaded","section":"Shading Mode"},"sceneLighting":true,"audioPlay":false,"sceneViewState":{"showFog":true,"showMaterialUpdate":false,"showSkybox":true,"showFlares":true,"showImageEffects":true,"showParticleSystems":true},"in2DMode":false,"pivot":{"x":-2.992111921310425,"y":1.782848834991455,"z":-68.97309112548828},"rotation":{"x":-0.03779997304081917,"y":0.012912536039948464,"z":-0.0006765764555893838,"w":-0.9994082450866699},"size":7.162667274475098,"orthographic":false}