{"cameraMode":{"drawMode":0,"name":"Shaded","section":"Shading Mode"},"sceneLighting":false,"audioPlay":false,"sceneViewState":{"showFog":true,"showMaterialUpdate":false,"showSkybox":false,"showFlares":true,"showImageEffects":true,"showParticleSystems":true},"in2DMode":false,"pivot":{"x":-8.372835159301758,"y":-2.531270980834961,"z":7.338805198669434},"rotation":{"x":-0.04417892545461655,"y":-0.6821796894073486,"z":0.04101463407278061,"w":-0.7289025783538818},"size":10.15725040435791,"orthographic":false}