{"cameraMode":{"drawMode":0,"name":"Shaded","section":"Shading Mode"},"sceneLighting":true,"audioPlay":false,"sceneViewState":{"showFog":true,"showMaterialUpdate":false,"showSkybox":true,"showFlares":true,"showImageEffects":true,"showParticleSystems":true},"in2DMode":false,"pivot":{"x":0.3152068853378296,"y":1.1289070844650269,"z":-71.88273620605469},"rotation":{"x":-0.12746156752109528,"y":-0.003870805026963353,"z":0.000497266068123281,"w":-0.9918396472930908},"size":10.0,"orthographic":false}