{"cameraMode":{"drawMode":0,"name":"Shaded","section":"Shading Mode"},"sceneLighting":true,"audioPlay":false,"sceneViewState":{"showFog":true,"showMaterialUpdate":false,"showSkybox":true,"showFlares":true,"showImageEffects":true,"showParticleSystems":true},"in2DMode":false,"pivot":{"x":9.311910629272461,"y":6.101189613342285,"z":-47.74933624267578},"rotation":{"x":0.05146229267120361,"y":-0.16611570119857789,"z":-0.008561774156987667,"w":-0.9848254323005676},"size":38.25541305541992,"orthographic":false}