{"cameraMode":{"drawMode":0,"name":"Shaded","section":"Shading Mode"},"sceneLighting":true,"audioPlay":false,"sceneViewState":{"showFog":true,"showMaterialUpdate":false,"showSkybox":true,"showFlares":true,"showImageEffects":true,"showParticleSystems":true},"in2DMode":false,"pivot":{"x":0.3474569618701935,"y":2.436638116836548,"z":-68.67845916748047},"rotation":{"x":0.0011888401350006462,"y":-0.04138999059796333,"z":-0.00005542901999433525,"w":-0.9991652369499207},"size":8.289495468139649,"orthographic":false}