{"cameraMode":{"drawMode":0,"name":"Shaded","section":"Shading Mode"},"sceneLighting":true,"audioPlay":false,"sceneViewState":{"showFog":true,"showMaterialUpdate":false,"showSkybox":true,"showFlares":true,"showImageEffects":true,"showParticleSystems":true},"in2DMode":false,"pivot":{"x":-9.992781639099121,"y":-0.7452298998832703,"z":114.23413848876953},"rotation":{"x":-0.007808396127074957,"y":0.02491169609129429,"z":-0.00021011623903177679,"w":-0.9997259378433228},"size":201.87843322753907,"orthographic":false}